text,label
"Usai kalah dari Prancis, Pelatih Timnas Maroko, Walid Regragui, secara mengejutkan membuat pernyataan ia dukung Prancis untuk menjuarai Piala Dunia edisi kali ini. 
",agree
"FT : ğŸ‡¨ğŸ‡µ Prancis  2 - 0  Maroko ğŸ‡²ğŸ‡¦

Theo Hernandez 5'
Kolo Muani 79'

PRANCIS LOLOS KE FINAL DAN AKAN BERTEMU ARGENTINA",agree
"Dari Maroko kita belajar, dibebani harapan tinggi oleh banyak orang dan tak kesampaian itu pedih.",agree
"Prancis jadi tim pertama yang mampu jebol gawang Maroko di Piala Dunia 2022!
",agree
"Halo Sob! GiveawayTelkomJabar kali ini ada pertanyaan seputar PialaDunia2022 nih Sob, gaskeun yuk! Buat kamu yang beruntung akan mendapatkan saldo LinkAja total 150k untuk 3 orang pemenang!
",disagree
"Final Piala Dunia 2022!
Antara Argentina atau Perancis, team mana yang anda rasa akan jadi juara?",agree
Prancis jadi tim pertama yang mampu jebol gawang Maroko di Piala Dunia 2022!,agree
"Congratulation team
",agree
"Nantikan pertandingan LIGA INDONESIA PREMIER LEAGUE yang akan berlangsung hari Kamis, 15 Desember 2022",agree
"Nantikan pertandingan INDIAN SUPER LEAGUE &amp; SCOTLAND PREMIER LEAGUE yang akan berlangsung hari Kamis, 15 Desember 2022",agree
"Bali United 2-2 Borneo FC / Privat B
",disagree
"Legenda Brasil, Rivaldo, secara terang-terangan memberikan dukungannya pada Lionel Messi dan Argentina di Piala Dunia 2022 ini. Bahkan, dia berani menyebut bahwa tuhan sudah menakdirkan Messi jadi juara dunia tahun ini. https://t.co/9M41DW1jQo",agree
"Messi cs berhasil melaju ke final setelah mengalahkan Kroasia kalau ada yang bilang Messi cuma bisa p, mungkin dia gak nonton assist ke Alvarez...

",agree
"PSM  Makassar 2-1 Madura United / K.Nambu
",disagree
"FINAL PIALA DUNIA SUDAH DEKAT GUYS
Yuk siapkan cemilan favoritmu untuk nobar!
Cuss lagi banyak promo cemilan untuk paket nonton piala dunia nih!",agree
"Prancis vs Maroko

Prancis back to back final piala Dunia, Argentina sudah menunggu.

Maroko akhirnya tumbang.",agree
"Berkat gol dari Cody Gakpo dan Frenkie De Jong, Timnas Belanda sukses memastikan diri lolos ke 16 besar Piala Dunia 2022. Jagoan kamu lolos juga gak Sob? Tulis di kolom komentar ya! 
",agree
Kejutan yang bener-bener gak Kakmin duga di bulan ini adalah Maroko bisa naklukin Spanyol lewat drama adu penalty! Coba vote deh siapa ya yang kira-kira bakal masuk ke final?,agree
Apakah final FIFA World Cup nanti menjadi ajang bergengsi untuk francis back to back champios ? ataukah argentina meraih juara untuk di persembahkan ke LM10 ?,agree
"TEBAK SKOR WORLD CUP
 
@equipedefrance  vs @EnMaroc 
 
Syarat:

- Tebak Skor dengan hastag( PRANCIS 2-1 MAROKO #WORLDCUPxWINLIVE4D )
- Wajib Follow @txtslots ,Retwets &amp; Like post ini
- WAKTU MAEN SAMPAI SELESAI
",agree
Prediksi Parlay Hari ini 15 - 16 Des 2022,disagree
"Julian Alvarez: Dulu minta foto bareng Messi, sekarang diberi Assist dan rayakan gol bareng!
",agree
"Catat! Final Piala Dunia 2022 mempertemukan Argentina vs Prancis.

Perebutan tempat ketiga juga tidak kalah menarik lho, Kroasia akan bertemu Kuda Hitam Maroko.
",agree
"Bola Canggih di Laga Semifinal dan Final Piala Dunia 2022. 
",agree
"Babak Semi Final Piala Dunia 2022, Perancis Hentikan Maroko Berpeluang Pertahankan Gelar Juara",agree
"Hasil FIFA World Cup 2022
Babak Semifinal:

FT: Prancis ğŸ‡«ğŸ‡· vs Maroko ğŸ‡²ğŸ‡¦ 2-0

Theo Hernandez '5
Randal Kolo Muani '79

Prancis berhasil lolos ke babak final",agree
"Bendera Palestina Berkibar di Piala Dunia 2022, Apa Maksudnya. ",agree
"Apakah sudah waktunya bagi Lionel Messi mengangkat trofi Piala Dunia?
",agree
"Partai Final Piala Dunia 2022:

Argentina vs Prancis 
dan perebutan tempat ke 3 Kroasia vs Maroko

Komentar Kamu?
",agree
Akhirnya Perancis menggagalkan impian maroko untuk melaju ke final piala dunia 2022,agree
Piala Dunia 2022 â€“ Prancis 2-0 Maroko,agree
"Yuk, aktifkan add-on World Cup 2022 hanya Rp89.000 untuk menyaksikan pertandingan langsung, siaran ulang (catch-up) dan highlight FIFA World Cup 2022â„¢",agree
"CROATIA 2 - 0 MAROCCO
PGT :luka modric (croatia) ",agree
"Update Bagan Fase Gugur Piala Dunia 2022, 15 Desember 2022.

Final ideal Argentina vs Prancis menurut mimin, Kalau menurut hemat Bolaneters?
",agree
"Bali United 2 - 1 Borneo FC
PGT : Matheus Pato (Borneo)",disagree
"Legenda Brasil, Rivaldo, secara terang-terangan memberikan dukungannya pada Lionel Messi dan Argentina di #PialaDunia2022 ini. Bahkan, dia berani menyebut bahwa tuhan sudah menakdirkan Messi jadi juara dunia tahun ini.",agree
"Partai Final Piala Dunia 2022:

Argentina vs Prancis 
dan perebutan tempat ke 3 Kroasia vs Maroko

Komentar Kamu?",agree
"Semi final sudah selesai dini hari tadi. Sudah ada Prancis yang akan menjemput Argentina dan bertanding di partai final Piala Dunia 2022. 

Siapa yang akan jadi juara?",agree
Perancis 2 - 2 Argentina,disagree
" #BHsukan Penyokong Maghribi tetap menjulang perjalanan bersejarah pasukan itu meskipun laluan mereka tersekat menerusi kekalahan 2-0 di tangan juara bertahan, Perancis
",agree
"Pertandingan dimenangkan oleh Prancis berkat gol dari Theo Hernandez dan Randal Kolo Muani.
",agree
"""Donâ€™t be sad bro (Achraf Hakimi), everybody is proud of what you did, you made history"" - Kylian Mbappe",agree
"Argentina / Prancis?

Ayo segera bergabung di MACAUDEWA dan dapatkan promo menarik lainnya.",agree
"Walaupun langkah Maroko terhenti di babak semifinal Piala Dunia 2022, Maroko sudah menampilkan yang terbaik",agree
Warga Maroko sambut pahlawan mereka meski final Piala Dunia tinggal mimpi.,agree
"Ternyata Giroud pernah satu tim dengan pelatih Maroko, Walid Regragui lho!",agree
KROASIA PULANG SEBAGAI PAHLAWAN,agree
MESSI BAWA ARGENTINA KE FINAL PIALA DUNIA 2022,agree
"Wahh ternyata Kakmin dikejutkan lagi sama pertandingan Maroko VS Prancis dengan skor 2-0 untuk kemenangan Prancis. Ngomong-ngomong kejutan, apa sih kejutan terbesar yang kalian dapat di akhir tahun 2022 ini? ",agree
THE GOAT ! MESSI MEMANG BERKELAS ! MESSI MEMANG PEMBEDA ! ,agree
Piala Dunia 2022 FINAL,agree
"Kylian Mbappe memperagakan semangat kesukanan kepada Achraf Hakimi selepas Perancis menundukkan Maghribi pada aksi separuh akhir Piala Dunia
",agree
"PIALA DUNIA 2022 QATAR
PENENTUAN TEMPAT 3/4

CROATIA lwn MAGHRIBI
SABTU, 17 DISEMBER 2022
STADIUM KHALIFA INTERNATIONAL
",agree
"Kuis Pulsa Tebak Skor!
CROATIA VS MAROCCO
Hadiah 250rb  Total 10 pemenang!

Contoh:
CROATIA 2 - 0 MAROCCO
PGT :luka modric (croatia)
",agree
"Griezmannkante: Griezmann di Mana-mana, Bantu Pertahanan hingga Rancang Peluang",agree
"Dietmar Hamann menyelar tindakan bintang Portugal, Cristiano Ronaldo yang bersikap tidak profesional berbanding pemain-pemain Maghribi
",agree
Legenda Brasil yang satu ini malah dukung Argentina dan Messi Juara Piala Dunia 2022!,agree
"Akhir-akhir ini sering begadang karena nonton Pildun? Nah, agar kamu tetap bisa fit beraktivitas setelah begadang, coba simak tips mengatasi ngantuk setelah begadang di bawah ini!
",disagree
KALAH DARI ARGENTINA TIM KROASIA PULANG SEBAGAI PAHLAWAN,agree
ArgentinaÂ â€“ Prancis 1-2,disagree
" Dietmar Hamann menyelar tindakan bintang Portugal, Cristiano Ronaldo yang bersikap tidak profesional berbanding pemain-pemain Maghribi
",agree
"Standing Ovation dan Full Respek buat Maestro, Luka Modric!
",agree
"Lisandro Martinez, Si Tukang Jagal di Timnas Argentina",agree
Selamat untuk tim Pernacis selaku juara bertahan melaju ke Final World Cup 2022 Qatar. ,agree
Terbaik pasukan Maghribi walaupun kalah tetap bersujud merendah jiwa kepada Yang Maha Esa. ,agree
"Permainan yang bagus dari Argentina Kemarin 
",agree
"Jadwal pertandingan dini hari, Prancis VS Maroko.

Tim mana yang akan masuk ke final?
",agree
Kovacic nilai Argentina dapat bantuan dari wasit!,agree
"Kylian Mbappe memperagakan semangat kesukanan kepada Achraf Hakimi selepas Perancis menundukkan Maghribi pada aksi separuh akhir Piala Dunia
",agree
"Hasil Skor Piala Dunia 2022
15 Desember 2022
",agree
Argentina - Prancis 2 - 1,agree
"Hasil Skor Piala Dunia 2022
15 Desember 2022",agree
"Hati ini sebenarnya sangat mengagumi kiprah dan perjalanan Maroko di #worldcup2022 ini. Tapi secara rasional rasa-rasanya Prancis tetap yang akan unggul di laga menarik semifinal ini.

Ini bukan ramalan ya, hanya prediksi dari penonton",agree
"Tidak hanya untuk tim juara, FIFA juga menyiapkan hadiah bagi peringkat 3 hingga 32. YNR ",agree
"Langkah Maroko terhenti di babak semifinal Piala Dunia 2022, dan membuat Prancis melaju ke babak final. Jangan sombong dulu Maroko.",agree
Melaju ke Final! Ini 5 Fakta Unik Kemenangan Prancis Atas Maroko,agree
ARGENTINA â€“ PRANCIS 1-0,disagree
"Perancis â€“ Argentina 1-1
",disagree
"Ternyata Ini dia sosok legenda yang menginspirasi Lisandro Martinez di piala dunia, baca selengkapnya
",agree
Melaju ke Final! Ini 5 Fakta Unik Kemenangan Prancis Atas Maroko,agree
"KEPUTUSAN PERLAWANAN MASA PENUH

SEPARUH AKHIR 

PERANCIS 2 - 0 MAGHRIBI ",agree
"Sederet Rekor yang bakal ditorehkan Messi jika Argentina raih Juara Piala Dunia 2022!
",agree
"Messi pastikan Piala Dunia 2022 akan jadi panggung terakhirnya bersama Argentina!
",agree
"Potret Kylian Mbappe Pakai Jersey Achraf Hakimi saat Merayakan Kemenangan Prancis atas Maroko
",agree
"Messi pastikan Piala Dunia 2022 akan jadi panggung terakhirnya bersama Argentina!
",agree
"Inggris dan Prancis akan bertarung memperebutkan satu tiket terakhir ke semi-final #PialaDunia2022. Siapa lawan paling pantas untuk kuda hitam, Maroko? ",agree
"Singa Atlas akhirnya kebobolan dan gagal melaju ke final. Duh!

Partner Resmi 
Seputaran Piala Dunia ",disagree
Sebagai kekasih dari pesepak bola Georgina Rodriguez turut hadir dalam ajang Piala Dunia2022 di Qatar untuk mendukung CR7.,agree
"Profil dan Biodata Sofyan Amrabat, Pemain Andalan Timnas Maroko di Piala Dunia 2022 Qatar

Prancis Final Ideal Juara 3 Theo Hernandez",agree
Dengarkan episod edisi khas Ultras Kuaci Edisi Piala Dunia Qatar 2022!,disagree
"Francis ğŸ‡«ğŸ‡· 2 - 0 Maroko ğŸ‡²ğŸ‡¦
",agree
"Argentina melawan dunia, banyak orang ingin Messi tersingkir!",disagree
Dua legendaris sepak bola dunia Pele dan mendiang Diego Armando Maradona ikut memeriahkan Piala Dunia 2022 di Qatar. Keduanya bersanding pada Pameran CONMEBOL di Msheireb Downtown Doha. YNR ,agree
"Tampil Mengejutkan Selama Piala Dunia 2022, Menang atau Kalah Timnas Maroko Tetap Sujud Syukur",agree
Nasib baik dia tak tanya kenapa Malaysia tak main. HAHAHAHAHAH ??,agree
"Tiba2 kebangun, Dalam mimpi lihat messi sama istrinya pengang piala dunia",agree
Thank you Maroko!,agree
"Hanya tim dengan begitu banyak pemain Afrika yang bisa mengalahkan Morocco.

Congratz French, thanks Morocco for your great performance.
",neutral
"Hasil FIFA World Cup 2022
Babak Semifinal:

FT: Prancis ğŸ‡«ğŸ‡· vs Maroko ğŸ‡²ğŸ‡¦ 2-0

Gol by:
ğŸ‡«ğŸ‡·:
Theo Hernandez '5
Randal Kolo Muani '79

Prancis berhasil lolos ke babak final
",agree
Sederet Rekor yang bakal ditorehkan Messi jika Argentina raih Juara Piala Dunia 2022!,agree
"PIALA DUNIA 2022 QATAR
FINAL

ARGENTINA lwn PERANCIS
AHAD, 18 DISEMBER 2022
STADIUM LUSAIL",agree
"Final Piala Dunia 2022 antara Argentina dan Perancis bakal menyaksikan pertembungan rakan sepasukan Paris Saint-Germain, Lionel Messi dan Kylian Mbappe",agree
Maghribi tetap juara di hati peminat. Tahniah Singa Atlas.,agree
"Sikap kesatria ditunjukkan Timnas Maroko, Walalupun Kalah di semifinal melawan Perancis, mereka tetap melakukan sujud syukur dilapangan bola. Selanjutnya mereka akan melawan Kroasia untuk perebutan Juara 3 ",neutral
"Alang-alang sebulan kat Qatar, bawa pulang sekali trofi",agree
"Hakim Ziyech Disebut Tak Pernah Terima Gajinya, Beri Penghasilannya untuk Warga Tak Mampu di Maroko",agree
"Rivaldo telah mendukung Messi untuk memenangkan Piala Dunia 2022 dan percaya bahwa Tuhan akan memahkotai bintang Argentina pada hari Minggu.
",agree
Perancis â€“ Argentina 2-0,agree
Piala Dunia Qatar 2022 | FINALS ,agree
"â€œEveryone can rise above their circumstances and achieve success if they are dedicated to and passionate about what they do.â€
",agree
"Antoine Griezmann Pemain Spesial, Kombinasi Zidane &amp; Platini! ",agree
"Prancis menang lawan Marocco : 2 - 0, gw dapet  kiriman parcel... ",agree
Sederet pemain Argentina yang bisa bantu Messi raih gelar Juara Piala Dunia 2022!,agree
"Final ideal 
Eropa vs Amerika latin",neutral
"Mungkin cuma Samuel Eto'o yang benar memprediksi perjalanan Timnas Maroko sebelum dimulainya Piala Dunia 2022!
.
Akankah Maroko menembus babak Final?
",disagree
"Mbappe Hakimi, bromance sejati!",agree
"SEPARUH AKHIR PIALA DUNIA 2022, QATAR
KEPUTUSAN PENUH

PERANCIS 2-0 MAGHRIBI (FT)
Theo HERNANDEZ, 5'
Randal KOLO MUANI, 79'",agree
"Peminat membantah layangan kad kuning ke atas pemain Maghribi, Sofiane Boufal, sebaliknya percaya penalti sepatutnya diberikan kepada pasukan Afrika itu",agree
Randal Kolo Muani Baru Masuk 44 Detik Langsung Pupus Harapan Maroko Cicipi Partai Final Piala Duniai,agree
Tercipta Final Ideal antara Argentina vs Perancis. Perancis berhasil  mengalahkan Maroko dengan skor 2-0. Waalaupun terhenti di semi final namun Maroko mengukir sejarah wakil benua Afrika bisa tembus semifinal,agree
"Fakta Menarik Usai Prancis Sukses Kunci Tiket Final Piala Dunia 2022!: Timnas Prancis sukses mengunci tiket final Piala Dunia 2022, skuad Les Blues berhasil menyingkirkan Maroko dengan skor 2-0",agree
Man of the Match Piala Dunia 2022 Prancis vs Maroko: Antoine Griezmann ,agree
Pencetak gol terbanyak Argentina di Piala Dunia: Messi gak ada obat nih!,agree
"WOW WOW FINAL PIALA DUNIA 2022, ARGENTINA VS PRANCIS!!",agree
Piala Dunia 2022 Qatar Prancis Jadi Penantang Argentina di Final,agree
2 Gol Prancis Membuat Maroko Terhenti di Semifinal Piala Dunia 2022,agree
"Ternyata ada peran Arteta dibalik kesuksesan Regragui bawa Maroko ke Semifinal Piala Dunia 2022!
",agree
"Sengit! Hasil Pertandingan Prancis vs Maroko, Hugo Lloris Dkk Melaju ke Final Lawan Argentina
",agree
"Persiapan buat nonton piala dunia udah ada..
Saatnya persiapan untuk malam ini ya.. ",disagree
"Rangkuman Hasil Piala Dunia 2022 semalam: Prancis tekuk Maroko dan melaju ke partai Final!
",agree
"Ternyata Ini dia sosok legenda yang menginspirasi Lisandro Martinez di piala dunia, baca selengkapnya ",agree
Prancis berhasil lolos ke final Piala Dunia 2022.,neutral
Ternyata ada peran Arteta dibalik kesuksesan Regragui bawa Maroko ke Semifinal Piala Dunia 2022!.,agree
"Ada banyak pelajaran yang bisa kita petik dari keberhasilan wakil Asia di Piala Dunia 2022. Tak bisa dipungkiri kalau Piala Dunia 2022 jadi penampilan terbaik wakil Asia di Piala Dunia.
",agree
Katae paranormal Prancis menang piala dunia,disagree
Prancis berhasil mengakhiri kutukan tersebut dan kini hanya berjarak 2 pertandingan untuk menjadi juara back-to-back Piala Dunia.,agree
" WAGs Yassine Bounou, kiper fantastis asal Maroko!",agree
"Ada hal yang berbeda dalam ajang piala dunia tahun ini, yakni keterlibatan dan adopsi aset #kripto yang masal. Apa aja sih aset kripto terbaik di FIFA World Cup 2022?
",agree
"Maroko, juara di hati fans sepak bola dunia.",agree
Karim Benzema akan Main di Final Piala Dunia? Ini Jawaban Didier Deschamps,disagree
"Termasuk Luka Modric, Ini 5 Pemain Terbaik Kroasia di Piala Dunia 2022 Sejauh Ini ",agree
pola andalan dari penonton enak banget buat dapat profit,disagree
Sangat menarik narasi lawas Yai Cholil ini ttg kedekatan tradisi keagamaan Indonesia-Maroko; manuskrip Dala'il  jg populer n bnyk dijumpai salinannya di Nusantara...,agree
"Suarez melontarkan pujian untuk penampilan Messi yang menggendong Argentina mengalahkan Kroasia pada semi-final Piala Dunia 2022.
",agree
"Antoine Griezmann Pemain Spesial, Kombinasi Zidane &amp; Platini! ",agree
"Dua pemain Prancis, Raphael Varane dan Jules Kounde mewaspadai kekompakan dan solidnya para pemain Maroko jelang laga semi-final",agree
"BACK TO BACK WORLD CUP FINALS FOR FRANCE! ğŸ‡«ğŸ‡·

Satu tantangan di puncak, Argentina!
",agree
"FINAL WORLD CUP. 
ARGENTINA VS FRANCE

""MESSI NGEGOLIN DAN ARGENTINA JUARA""

akankan menjadi 
PART 2 VERSI
""Ahn Jung-Hwan""
",agree
Warganet memberikan beragam reaksi terhadap hasil laga Prancis vs Maroko ini.,agree
"Gagal Lolos Final, Pelatih Walid Reragui: Semoga Orang Maroko Memaafkan Kami, Insya Allah Lain Kali Lolos Final ",agree
"KEPUTUSAN PERLAWANAN MASA PENUH

SEPARUH AKHIR 

PERANCIS ğŸ‡«ğŸ‡· 2 - 0 MAGHRIBI ğŸ‡²ğŸ‡¦",agree
"Kejutan yang bener-bener gak Kakmin duga di bulan ini adalah Maroko bisa naklukin Spanyol lewat drama adu penalty! Coba vote deh siapa ya yang kira-kira bakal masuk ke final?

",agree
"Penyokong Perancis mengibarkan bendera dan menyalakan suar bagi meraikan kejayaan Les Bleus mara ke final Piala Dunia selepas menundukkan Maghribi 2-0
",agree
"Penyokong Maghribi tetap menjulang perjalanan bersejarah pasukan itu meskipun laluan mereka tersekat menerusi kekalahan 2-0 di tangan juara bertahan, Perancis
",agree
"Babak Pertama Prancis Vs Maroko 1-0, Theo Hernandez Cetak Gol Tercepat dan Sukses Jebol Gawang Bono
",agree
Man of the Match Piala Dunia 2022 Prancis vs Maroko: Antoine Griezmann,agree
Zlatko Dalic Harap Luka Modric Tidak Terburu-buru Pensiun dari Timnas Kroasia,agree
Babak semi final Piala Dunia 2022 sudah selesai. Prancis menang atas Maroko 2-0 dan akan menghadapi Argentina di babak final nanti.Â ,agree
"Full-time
France 2 : 0 Morocco
Congratulations to France
 Argentina vs France, world Cup Final
On Sunday.
",agree
"Pengendali Perancis, Didier Deschamps mengharapkan Adrien Rabiot kembali cergas bagi aksi final Piala Dunia",agree
"Update! Jadwal Perebutan Tempat Ketiga dan Final Piala Dunia 2022: Laga semifinal Piala Dunia 2022 telah berakhir dan kini telah memasuki partai puncak final Piala Dunia 2022, yang artinya sebentarâ€¦",agree
"Duel di Final Piala Dunia 2022, Argentina 7-3 Prancis",disagree
5 Pelajaran Kemenangan Prancis atas Maroko di Semifinal Piala Dunia 2022,agree
Theo Hernandez ke atas Maghribi membawa Perancis ke final Piala Dunia kedua berturut-turut,agree
"Maroko kehabisan ""nafas""",disagree
"Menang 2-0, Prancis Akhiri Kejutan Singa Atlas di Piala Dunia 2022",agree
"Jadwal semi final piala dunia Qatar malam ini, Kamis 15 Desember 2022.
Link streaming gratis akan di share 15 menit sebelum pertandingan mulai.",agree
Gokil! Prancis Jadi Tim Pertama yang Bisa Jebol Gawang Maroko di Piala Dunia 2022 ,agree
"Awalnya meragukan, kini dijagokan, itulah Argentina


Sebelum Mencapai Final, Secara Mengejutkan Lionel Messi Cs Keok Atas Arab Saudi di Fase Group dan Diposisi Kri ",agree
"Sulit nih menebak siapa yang menang, sama-sama hebat dan punya bintang

Mbappe dan Messi Kini Sama-sama 5 Gol, Final Pembuktian Keduanya, Siapakah yang Tersubur dan Terhebat! ",agree
"Sulit nih menebak siapa yang menang, sama-sama hebat dan punya bintang

Mbappe dan Messi Kini Sama-sama 5 Gol, Final Pembuktian Keduanya, Siapakah yang Tersubur dan Terhebat!",agree
"Sulit nih menebak siapa yang menang, sama-sama hebat dan punya bintang
 
Mbappe dan Messi Kini Sama-sama 5 Gol, Final Pembuktian Keduanya, Siapakah yang Tersubur dan Terhebat!",agree
"Pelatih Prancis, Didier Deschamps Puji Maroko ",agree
"

Salah satu penyebab Lionel Messi gagal membawa Argentina ke puncak tertinggi sejauh ini adalah tak adanya partner yang ideal
 ",agree
"

Salah satu penyebab Lionel Messi gagal membawa Argentina ke puncak tertinggi sejauh ini adalah tak adanya partner yang ideal
 
",disagree
Tetap bangga  dgn pencapaian sejauh ini. Come back stronger! ,agree
"Pelajaran dari Prancis vs Maroko dini hari tadi

",agree
"Ada apa dengan wasit piala dunia kali ini, kok banyak pemain yang tidak suka? ",agree
 Antoine Griezmann berkata Perancis akan terus berpijak di bumi nyata selepas juara bertahan Piala Dunia itu menewaskan Maghribi 2-0 pada aksi separuh akhir untuk bertemu Argentina di final. ,agree
"Final Ideal Piala Dunia 2022.
Ketika dua pemain dari club Ngeri FC saling berhadapan di final. 

Rekan di club saling jegal di final, the best final in the world. ",agree
"Zlatan Ibrahimovic percaya ia sememangnya ""sudah tertulis"" bahawa Lionel Messi akan memenangi Piala Dunia bersama Argentina.
",agree
Pagi Buka Hp Nonton DUNIA sepak Bola Juara Bertahan 2018 Perancis vs Maroko Di Menangkan Perancis scor 2-0.Yeach yang Menang jangan Takabur yang Kalah jangan Berkecil Hati dalam Mengakui Kemampuan Lawan,agree
"Menang 2-0 Atas Maroko, Prancis Tantang Argentina di Final Piala Dunia 2022",agree
"Skuad kendalian Didier Deschamps berjaya ke Perlawanan Akhir Piala Dunia 2022, Qatar selepas menundukkan wakil Afrika, Maghribi 2-0 di Stadium Al Bayt, sebentar tadi.",agree
Kira-kira Siapa Yang Pantas? dinobatkan sebagai kiper terbaik Piala Dunia 2002,agree
Kalah 2 - 0 dari Prancis sungguh telak buat Marokok ,disagree
 Viva Les Bleus! Saksikan Aksi Prancis Singkirkan Maroko untuk ke Final Piala Dunia 2022,agree
France,agree
Babak semi final Piala Dunia 2022 sudah selesai. Prancis menang atas Maroko 2-0 dan akan menghadapi Argentina di babak final nanti. ,agree
"Inggris Punya 'Varian Griezmann' Versi Lebih Muda, Namanya Phil Foden! ",agree
"Prancis menang - France Win
",disagree
Kan sudah saya duga Final Ideal bakal tersaji di antara Argentina vs France mantapp,agree
"Perancis buktikan kredibiliti sebagai pasukan layak beraksi di pentas perlawanan akhir Piala Dunia Qatar 2022 selepas menyingkirkan cabaran Maghribi 2-0

",agree
"Payoneer Account - I create in 1 hour

- I verify ID and Utility
- Country - any country 
- Random and Customized

",agree
"Ahir nya hari penuntuan telah tiba kalian ngarep siapa yang juara ngab

",agree
"Kita akan melihat Messi berjalan sendiri dengan pemain terbaik sepanjang masa, karena trofi piala dunianya, atau menangis , karena harapan itu kembali gagal. 

Dan k mbappe kembali back to back juara bersama prancis. 

",agree
"Jika Argentina berhasil meraih trofi Piala Dunia ketiganya, tinta emas apa lagi yang berpeluang ditorehkan Lionel Messi di Qatar? ",agree
Terima kasih atas pencapaian kalian yang sangat luar biasa Kami sangat bangga dengan kalian. Baru ini saya antusias dengan piala dunia &amp; mendukung Tim Maroko. Kalian sudah luar biasa hebat dan juara di hati kaum muslim seluruh dunia ,agree
"Jerman mengajarkan pendukungnya bagaimana caranya sabar dan deg-degan saat menonton

",agree
"France bakal membuat sejarah,juara berturut turut kaya nya dahh!!!! 
",disagree
"Hasil Semifinal Piala Dunia 2022: Prancis vs Maroko Tadi Malam | Piala D
Perjuangan Maroko di Piala Dunia 2022 Terhenti di Babak Semifinal
Berikut hasil semifinal piala dunia 2022 Tadi Malam

",agree
Final Piala Dunia 2022: Pertarungan 2 Top Skor Sementara ,agree
5 Pelajaran Kemenangan Prancis atas Maroko di Semifinal Piala Dunia 2022,agree
"Final World Cup, Argentina ğŸ‡¦ğŸ‡· vs France ğŸ‡«ğŸ‡·",agree
"5 Pencetak Gol Terbanyak Argentina di Ajang Piala Dunia, Lionel Messi Gak Ada Obat!",agree
"FIFA Gelontor Rp6,9 Triliun, Segini Hadiah Tim Juara Piala Dunia 2022 ",agree
"JUARA 3 Piala Dunia 2022

Kroasia VS Maroko
17 Desember 2022
22.00 WIB
Khalifa International Stadium

",agree
"Kejadian geys, final piala dunia tahun ini argentina vs perancis yg udh d prediksi sejak 24 nop 2022 ga tau hrs ngomong apa dah ",agree
Back to Back! Prancis Lolos ke Final Piala Dunia 2022 Usai Kandaskan Perlawanan Maroko dengan Skor 2-0: Prancis lolos ke babak Final Piala Dunia 2022 usai kandaskan perlawanan Maroko denganâ€¦ ,agree
Cosplay jadi Mbappe,agree
"Termasuk Luka Modric, Ini 5 Pemain Terbaik Kroasia di Piala Dunia 2022 Sejauh Ini ",agree
 Yg jelas MAROKO tidak tersingkir &amp; tdk dipulangkan...tapi MAROKO masih akan bermain merebut Juara 3 ,agree
"Jadwal Pertandingan 8 Besar Piala Dunia 2022

",agree
"Hasil Piala Dunia 2022 Prancis Vs Maroko: Les Bleus Melaju Ke Babak Final Usai Kalahkan Singa Atlas 2-0

",agree
"Hasil pertandingan semi final Piala Dunia 2022 : 
Perancis melaju ke final usai mengalahkan Maroko dengan skor 2-0. 

",agree
"Hasil Piala Dunia 2022 Prancis Vs Maroko: Les Bleus Melaju Ke Babak Final Usai Kalahkan Singa Atlas 2-0

",agree
"Hasil pertandingan semi final Piala Dunia 2022 : 
Perancis melaju ke final usai mengalahkan Maroko dengan skor 2-0. 
",agree
"Tekuk Maroko 2 - 0, Prancis Tantang Argentina di Final Piala Dunia 2022

",agree
"Singkirkan Maroko 2-0, Prancis Tantang Argentina di Final Piala Dunia 2022 

",agree
"tribunnews: Pertandingan berakhir, Prancis lolos ke final Piala Dunia dalam dua edisi berturut-turut!!

ğŸ‡«ğŸ‡· 2-0 ğŸ‡²ğŸ‡¦

",agree
"Argentina akan bertemu Perancis 18 Desember 2022 pukul 22.00 WIB

Perancis berhasil mengalakan kuda hitam Maroko dengan 2 gol tanpa balas!!
yuk di follow untuk berita seputar sepak bola!!!

",agree
"Argentina akan berhadapan dengan Prancis di partai final! Sementara itu Kroasia dan Maroko akan saling memperebutkan siapa juara 3 di antara mereka.

Mana jagoanmu, Sobat INDOSPORT?
",agree
"Catat! Final Piala Dunia 2022 mempertemukan Argentina vs Prancis.

Perebutan tempat ketiga juga tidak kalah menarik lho, Kroasia akan bertemu Kuda Hitam Maroko.

",agree
"Catat! Final Piala Dunia 2022 mempertemukan Argentina vs Prancis.

Perebutan tempat ketiga juga tidak kalah menarik lho, Kroasia akan bertemu Kuda Hitam Maroko.

",agree
"Prancis berhasil menembus pertahanan Maroko, 2 gol tanpa balas menempatkan Prancis di Final melawan Argentina...

",agree
"Update Bagan Fase Gugur Piala Dunia 2022, 15 Desember 2022.

Final ideal Argentina vs Prancis menurut mimin, Kalau menurut hemat Bolaneters?

",agree
"Ternyata, Ada Secuil Peran Mikel Arteta dalam Kesuksesan Walid Regragui Bawa Maroko ke Semifinal Piala Dunia 2022 ",agree
"Semi final sudah selesai dini hari tadi. Sudah ada Prancis yang akan menjemput Argentina dan bertanding di partai final Piala Dunia 2022. 

Siapa yang akan jadi juara?

Cek artikel seputar Piala Dunia 2022 di ",agree
"PRANCIS MELAJU KE FINAL â€¼ï¸

Les Bleus sukses mengalahkan tim kuda hitam Maroko dua gol tanpa balas dan berhak melaju ke final untuk menantang Argentina.

Magis Maroko nampaknya udah habis, Sob! 

",agree
"
World Cup 2022
Semi-Finals
FT France 2-0 Morocco

",agree
" Gol cepat memaksa Maroko bermain lebih reaktif untuk berani menyerang. Bahkan untuk kali pertama, Maroko unggul secara possession (56%).

Berapa gol yang bakal terjadi di babak kedua?

",agree
"sebuah pencapain besar untuk timnas doa ibu bisa melaju sampai semi final meski sudah dikalahkan oleh timnas ayam jantan 
Respect ",agree
Kita dukung Perancis utk raih juara ,agree
"BACK TO BACK WORLD CUP FINALS FOR FRANCE! ğŸ‡«ğŸ‡·

Satu tantangan di puncak, Argentina!

",agree
"Banyak yg menginginkan ada kejutan di  mach semi final
Perancis masih sangat kuat untk Marocco.
Final Ulangan Argentina v Perancis bakal menarik di tgg. ",agree
"Skuad kendalian Didier Deschamps berjaya ke Perlawanan Akhir Piala Dunia 2022, Qatar selepas menundukkan wakil Afrika, Maghribi 2-0 di Stadium Al Bayt, sebentar tadi. Tahniah ",agree
"Sepakbola adalah teka-teki yang tidak bisa diprediksi

",agree
Prancis melaju ke FINAL,agree
"Dynamic duo PSG ini bakal baku hantam di Final Piala Dunia Qatar 2022

",disagree
Maroko edan sekelas prancis main e di obrak abrik mung sayang randue striker sek jos ,agree
"Prancis sukses meraih kemenangan dalam laga semifinal Piala Dunia 2022. Bersua Maroko di Al Bayt Stadium, Kamis (15/12/2022) dini hari, skuad Les Bleus menang dengan skor 2-0. 

",agree
"Seperti yang digambarkan oleh foto di atas, Prancis berhasil menyikut permainan para pemain Maroko dan melesat maju ke final!!!

Selamat Prancis, Argentina telah menunggu di final nanti!
Buktikan kalau kutukan tidak nyata dipegang kalian",agree
Yo prancis win. Yok back to back juara.,disagree
Yg jelas MAROKO tidak tersingkir &amp; tdk dipulangkan...tapi MAROKO masih akan bermain merebut Juara 3,agree
"Ternyata, Ada Secuil Peran Mikel Arteta dalam Kesuksesan Walid Regragui Bawa Maroko ke Semifinal Piala Dunia 2022",disagree
"Congrats buat France ğŸ‡«ğŸ‡· untuk Finalnya.
Teruntuk Maroko ğŸ‡²ğŸ‡¦,terimakasih telah mempertontonkan permainan yang cukup baik di Piala Dunia tahun ini.,
Sebuah pencapaian yang cukup luar biasa.",agree
Morocco's miracle is over!,disagree
"Starting XI
Prancis vs Maroko.

Wah, Aguerd, Saiss dan Mazraoui ada di line-up ğŸ‡²ğŸ‡¦",agree
"Perancis ke Final menantang Argentina.
Dongeng indah dari Maroko, dan masih ada perebutan tempat ke-3 melawan Kroasia.",agree
Sabar Maroko ,disagree
Keajaiban Maroko sudah habis. Mereka harus takluk oleh Perancis dengan skor 2-0. Kemenangan ini membawa Perancis melaju ke babak final dan bertemu dengan Argentina. ,agree
"Pertandingan berakhir, Prancis lolos ke final Piala Dunia dalam dua edisi berturut-turut!!

ğŸ‡«ğŸ‡· 2-0 ğŸ‡²ğŸ‡¦",agree
"Full Time :

PRANCIS 2-0 MAROKO
Theo Hernandez 5', Randal Kolo Muani 79'

ğŸ‡«ğŸ‡· Prancis lolos ke Final",agree
Hasil Piala Dunia 2022 tadi malam ~ Prancis vs Maroko babak semifinal FIFA WORLD CUP 2022,agree
Bekerja keras itu sampai akhir...,agree
Bagaimana pun maroko sudah berbagi kesenangan dalam PialaDunia2022 ini.  Selamatâ€¦,agree
Final Argentina vs Perancis nih,agree
Haduhh kalah 2 kosong. Lemes gw. Untung aja gw ngikutin guru ngaji gw. Jangan judi. Jangan taruhan. Maroko ayo dong tempur habis2an.,agree
"Biar mantap PialaDunia2022 ini :
JUARA 1 :  Benua Amerika ( ARGENTINA) 
JUARA 2 : Benua EROPA ( PRANCIS)
JUARA 3 : Benua AFRIKA ( MAROKO )",disagree
"yok maroko minimal 1 gol lah, bantu2 mental argentina.",disagree
"FT: Prancis 2-0 Maroko (Theo Hernandez 5' ; Kalo Muani 80') 

Final = Argentina vs Prancis 
Perebut 3rd = Kroasia vs Maroko ",agree
"Mainnya prancis itu enak dilihat, nggak monoton line serang bagus pertahanannya apalagi dan line tengah nggak kelamaan megang bola alias sat set sat set (Prancis 2-0 Maroko) ",agree
"Kolo Muani, menambah keunggulan Perancis.
Memanfaatkan umpan Mbappe yang ""Menari"" &amp; memancing 3 - 4 pemain bertahan Maroko.

ğŸ‡«ğŸ‡· 2-0 ğŸ‡²ğŸ‡¦",agree
Bau baunya Prancis yg angkat trophy PialaDunia2022 ini.,disagree
Gapapa Maroko udah bagus kok di turnamen ini,agree
SUPERSUB KOLO MUANI GOL!,agree
Gooolll kedua dari Perancis! Randal Kolo Muani menggandakan keunggulan Perancis atas Maroko. Skor sementara Perancis 2-0 Maroko.,neutral
"MBAPPE !!!!!!! PRANCIS MENYEGEL TIKET KE FINAL!!!!

ğŸ‡«ğŸ‡· 2-0 ğŸ‡²ğŸ‡¦",agree
"Babak pertama berakhir, Prancis masih unggul lewat gol semata wayang

ğŸ‡«ğŸ‡· 1-0 ğŸ‡²ğŸ‡¦",agree
"80 gollll...  kalo muani 

Prancis 2-0 Maroko ",agree
"Prancis Unggul Cepat 1-0 Babak Pertama, Tendangan Teo Hernandez Tak Terbendung ",agree
"Prancis vs Maroko: 1-0

Maroko mainnya jgn pakai Kayu Kudung dong. Biasa aja.",disagree
Berharap Messi dan Argentina juara dunia,agree
"Pergantian pemain untuk Maroko

Keluar: Youssef En-Nesyri dan Sofiane Boufal
Masuk: Abderazak Hamdallah dan Zakaria Aboukhlal

ğŸ‡«ğŸ‡· 1-0 ğŸ‡²ğŸ‡¦",agree
"Pergantian pemain untuk Prancis

Keluar: Olivier Giroud
Masuk: Marcus Thuram

ğŸ‡«ğŸ‡· 1-0 ğŸ‡²ğŸ‡¦",agree
"61 panass kali ini 

Prancis 1-0 Maroko ",agree
Cerita menarik lainnya yang terjadi di Qatar adalah beberapa pemain gagal mencetak gol saat ditunjuk menjadi algojo penalti. Siapa saja?,agree
"Kalo pun kalah, permainan Maroko keren banget sih. Mereka tetap pulang dengan kepala tegak",agree
"Bisa sih kayaknya comeback ğŸ‡²ğŸ‡¦, 3x Peluang lurrrr",agree
"Prancis Unggul Cepat 1-0 Babak Pertama, Tendangan Teo Hernandez Tak Terbendung",agree
Match berjalan sangat sengit. Maroko menggempur habis-habisan gawang Perancis. Namun gawang Perancis masih belum kebobolan.,agree
ajg mbappe pake mesin kali ya larinya?,disagree
Berikut Lima Negara Yang Menjadi Lumbung Gol Lionel Messi Di Piala Dunia 2022,agree
Siapakah yang bakalan berhasil membawa trofi piala dunia 2020 kali ini yah ?,neutral
FRA : 4- MOR : 1,disagree
"46 masuk attiat keluar mazraoui (maroko) 

Prancis 1-0 Maroko ",agree
"Pergantian pemain untuk Maroko

Keluar: Noussair Mazraoui
Masuk: Yahya Attiyat Allah

ğŸ‡«ğŸ‡· 1-0 ğŸ‡²ğŸ‡¦",neutral
Gol dari Theo Hernandez pada menit lima jadi pembeda antara Prancis dan Maroko di pertandingan ini. Prancis pun kembali memeragakan permainan apik di laga ini.,agree
"SPANYOL menjadi juara Piala Dunia 2010 Afrika Selatan setelah di laga perdana ditumbangkan tim non-unggulan Swiss (0-1). ARGENTINA mengawali Piala Dunia 2022 Qatar dgn dikalahkan tim non-unggulan Arab Saudi (1-2). Akankah ARGENTINA..?? 
",agree
"Gol cepat memaksa Maroko bermain lebih reaktif untuk berani menyerang. Bahkan untuk kali pertama, Maroko unggul secara possession (56%).

Berapa gol yang bakal terjadi di babak kedua?",agree
"Udah malam,belum tidur
Udah tidur aja Prancis pasti
Menang kok",agree
"Lanjut babak kedua,,, gasss pooll

Prancis 1-0 Maroko ",agree
Apakah Achraf Hakimi atau Kylian Mbappe yang akan melaju menyusul Lionel Messi ke babak final?,agree
"Lumayan juga, Maroko sedikit bisa mengimbangi permainan Prancis. 

Prancis (1) - (0) Maroko",agree
Prancis hanya membutuhkan 5 menit untuk unggul 1-0 atas Maroko pada babak pertama semifinal Piala Dunia 2022.,agree
"JADWAL PEREMPAT FINAL PIALA DUNIA QATAR 2022
Kamis,15 Desember 2022
PERANCIS vs MAROKO (02.00)",agree
"HT

Perancis 1 - 0 Maroko",agree
"Memasuki turun minum, skor sementara Perancis 1-0 Maroko.",agree
"Half-Time.
Perancis sementara unggul, setelah itu Maroko terus menggempur tanpa minder dgn nama besar...",neutral
HT : Perancis 1-0 Maroko (T. Harnandez '5),agree
"Babak pertama berakhir, Prancis masih unggul lewat gol semata wayang

ğŸ‡«ğŸ‡· 1-0 ğŸ‡²ğŸ‡¦",agree
Live Streaming World Cup / Piala Dunia hari ini,agree
"SEPARUH AKHIR PIALA DUNIA 2022
 
HT : 

PERANCIS 1-0 MAGHRIBI 

Theo Hernandez 5'",agree
"45 Tambah waktu 3 menit 

Perancis 1-0 Maroko ",neutral
"tribunnews: 27' Sofiane Boufal melakukan pelanggaran kasar terhadap lawan dan dapatkan kartu kuning

ğŸ‡«ğŸ‡· 1-0 ğŸ‡²ğŸ‡¦",agree
"tribunnews: Pergantian pemain untuk Maroko
Keluar: Romain Saiss
Masuk: Selim Amallah

ğŸ‡«ğŸ‡· 1-0 ğŸ‡²ğŸ‡¦",agree
"Pertahanan kokoh Maroko dalam 5 pertandingan terakhir berhasil dipecahkan Prancis dalam waktu 5 menit

ğŸ‡«ğŸ‡· 1-0 ğŸ‡²ğŸ‡¦",agree
"GOLLL!!!! THEO HERNANDEZ BAWA PRANCIS UNGGUL DI MENIT AWAL PERTANDINGAN

ğŸ‡«ğŸ‡· 1-0 ğŸ‡²ğŸ‡¦",agree
"Wasit Cesar Ramos meniup peluit jalannya babak pertama

ğŸ‡«ğŸ‡· 0-0 ğŸ‡²ğŸ‡¦",agree
"Wasit Cesar Ramos asal Meksiko akan memimpin jalannya laga di Al Bayt Stadium

ğŸ‡«ğŸ‡· vs ğŸ‡²ğŸ‡¦",agree
"Youssouf Fofana akan beraksi di bahagian tengah menggantikan Rabiot, yang sebelum ini tampil dalam semua lima perlawanan Perancis.",agree
"40 penguasaan bola 40 - 60%

Perancis 1-0 Maroko ",agree
"Banyak nama curi perhatian, namun Mbappe yang paling spesial.",disagree
Rangers: Michael Beale mengatakan dia harus memenangkan trofi pada musim panas,disagree
Berikut kesebelasan utama separuh akhir Piala Dunia antara Perancis dan Maghribi.,agree
Berharap Messi dan Argentina juara dunia,agree
"Mata di TV nonton SCTV, telinga di HP tv analog denger Indosiar. Emang bener dah kalo lebih greget komentator Indonesia kalo nonton bola.",agree
Arsene Wenger Sebut Satu Kesamaan Kylian Mbappe dengan Thierry Henry,agree
"Tak bisa lagi dibantah, Messi jadi kunci sukses Argentina moncer di Piala Dunia 2022.",agree
Satu penyesalan yang ingin diubah Luis Enrique di Piala Dunia 2022.,agree
"Wasit Cesar Ramos asal Meksiko akan memimpin jalannya laga di Al Bayt Stadium

ğŸ‡«ğŸ‡· vs ğŸ‡²ğŸ‡¦",agree
"Wasit Cesar Ramos meniup peluit jalannya babak pertama

ğŸ‡«ğŸ‡· 0-0 ğŸ‡²ğŸ‡¦",agree
NONTON BARENG PIALA DUNIA PRANCIS VS MAROKO DISINI !,agree
"JADWAL PEREMPAT FINAL PIALA DUNIA QATAR 2022
Kamis,15 Desember 2022
PERANCIS vs MAROKO (02.00)",agree
"27' Sofiane Boufal melakukan pelanggaran kasar terhadap lawan dan dapatkan kartu kuning

ğŸ‡«ğŸ‡· 1-0 ğŸ‡²ğŸ‡¦",agree
"JADWAL PEREMPAT FINAL PIALA DUNIA QATAR 2022
Kamis,15 Desember 2022
PERANCIS vs MAROKO (02.00)",agree
"Baru kebangun di menit 27, Perancis sudah unggul aja lewat Theo...

ğŸ‡«ğŸ‡· 1-0 ğŸ‡²ğŸ‡¦",agree
"Masih belum fit, akhirnya Roman Saiss minta keluar pada menit 20.

What a journey, Capt!",agree
"Perancis Line-up, Maroko Line-up...",agree
"Romain Saiss yang memaksakan main untuk laga ini akhirnya diganti

ğŸ‡«ğŸ‡· 1-0 ğŸ‡²ğŸ‡¦",agree
"Pergantian pemain untuk Maroko

Keluar: Romain Saiss
Masuk: Selim Amallah

ğŸ‡«ğŸ‡· 1-0 ğŸ‡²ğŸ‡¦",agree
Julian Alvarez menjadi pemain terakhir Manchester City yang sukses membawa negaranya tembus final Piala Dunia.,agree
Orang2 kalo lagi nobar biasaaa nya ngobrolin apasih kok kayak pada ngatur strategi sendiri?,agree
"Skor berubah dimenit uh ah 1-0
ğŸ‡²ğŸ‡« VS ğŸ‡²ğŸ‡¦",disagree
Baru 8menit dah 1-0 aj,agree
Real Madrid: Cristiano Ronaldo berlatih di bekas klubnya setelah keluar dari Manchester United,disagree
"Pertahanan kokoh Maroko dalam 5 pertandingan terakhir berhasil dipecahkan Prancis dalam waktu 5 menit

ğŸ‡«ğŸ‡· 1-0 ğŸ‡²ğŸ‡¦",agree
"5 Golll T.Hernandez

Perancis 1-0 Maroko ",agree
Akhirnya gawang Bono jebol juga...,agree
"Gooolll! 

Gol cepat dari Theo Hernandez di menit 4 membuka keunggulan Perancis atas Maroko. Skor sementara 1-0.",agree
"GOLLL!!!! THEO HERNANDEZ BAWA PRANCIS UNGGUL DI MENIT AWAL PERTANDINGAN

ğŸ‡«ğŸ‡· 1-0 ğŸ‡²ğŸ‡¦",agree
AYO MAROCCO ATAU PRANCIS??,agree
"Wasit Cesar Ramos meniup peluit jalannya babak pertama

ğŸ‡«ğŸ‡· 0-0 ğŸ‡²ğŸ‡¦",agree
Kick off babak pertama dimulai. Semi final antara France vs Morocco here we go!,agree
"Kick Off babak pertama 
Perancis 0-0 Maroko ",agree
"Perancis 1-1 Maroko 
",disagree
"Pilihannya:

- sejarah berulang, Prancis kembali ke final, atau
- sejarah baru, Maroko, tim bukan unggulan tantang Argentina.",disagree
Apakah Achraf Hakimi atau Kylian Mbappe yang akan melaju menyusul Lionel Messi ke babak final?,agree
"Wasit Cesar Ramos asal Meksiko akan memimpin jalannya laga di Al Bayt Stadium

ğŸ‡«ğŸ‡· vs ğŸ‡²ğŸ‡¦",agree
Saksikan laga France vs Marocco Pukul 02.00 WIB.,agree
Berikut susunan pemain Prancis melawan Maroko dalam duel semifinal Piala Dunia 2022. Kylian Mbappe dipercaya menjadi penyerang Les Bleus untuk bisa membuat sejarah baru di ajang empat tahunan ini. ,agree
"Starting XI
Prancis vs Maroko.

Wah, Aguerd, Saiss dan Mazraoui ada di line-up ğŸ‡²ğŸ‡¦",agree
Francis vs Maroko,agree
"tribunnews: Apakah Maroko terbukti bakal berbahaya seperti peringatan di bungkus rokok?

ğŸ‡«ğŸ‡· vs ğŸ‡²ğŸ‡¦",disagree
"tribunnews: Kapten Timnas Maroko Roman Saiss yang dikabarkan alami cedera tetap diturunkan di laga kali ini

ğŸ‡«ğŸ‡· vs ğŸ‡²ğŸ‡¦",agree
Warga Palestina mengibarkan bendera Maroko di jalan-jalan Hebron menjelang pertandingan Maroko vs Prancis di semifinal,agree
Sebentar lagi kita saksikan Kick Off antara Prancis vs Maroko ,neutral
"Prancis vs Maroko | Kamis (15/12), di SCTV dan Indosiar pukul 02.00 WIB.",agree
"Kapten Timnas Maroko Roman Saiss yang dikabarkan alami cedera tetap diturunkan di laga kali ini

ğŸ‡«ğŸ‡· vs ğŸ‡²ğŸ‡¦",agree
"Pelatih timnas Prancis, Didier Deschamps, meragukan kebugaran gelandang Adrien Rabiot dan bek Dayot Upamecano jelang semi-final Piala Dunia 2022.",agree
Sebentar lagi kita saksikan Kick Off antara Prancis vs Maroko ,agree
Politisi menyatakan mendukung Maroko tapi memasang taruhan untuk kemenangan Perancis.,disagree
"siapa nih yang akan maju ke babak final nih menurut kalian?
PRANCIS VS MOROCCO",agree
"Duel sisi sayap dalam laga Prancis kontra Maroko jadi spot yang layak mendapat sorotan lebih.

Pertanyaannya, siapa yang bakal ter-redam malam nanti?",agree
"Perebutan tiket terakhir menuju partai puncak.

Prancis vs Maroko, bakal ada kejutan apa malam nanti?",agree
"Fakmen Prediction by MamatAlkatiri untuk laga semifinal antara Prancis kontra Maroko.

Les Bleus akan senasib dengan Portugal dan Spanyol malam ini?",disagree
"Efek begadang seharian, mikir dua kali nungguin jadwal Maroko vs Prancis",disagree
"Prancis vs Maroko | Kamis (15/12), di SCTV dan Indosiar pukul 02.00 WIB.",agree
Pasang Foto Profil â€˜Saya Dukung Prancis Menjadi Juara Piala Dunia 2022â€™ untuk Status WA dan Story IG,agree
"Pertempuran dua sahabat

Siapa yang akan menantang Argentina di babak final?",agree
Armando Broja: Striker Chelsea absen musim ini karena cedera ligamen anterior,agree
"Penerbangan ke Qatar Dibatalkan, Fans Maroko Kecewa Berat!",agree
Inggris vs Prancis Harusnya Bertemu di Final,disagree
Piala Dunia 2022: Patah hati suporter Maroko karena penerbangan Doha dibatalkan,agree
KROASIA PULANG SEBAGAI PAHLAWAN,agree
"Sekilas info Piala Dunia

Argentina 3-0 kroasia

Messi cs lolos ke final gaes...",agree
"Next nanti malam ada semifinal kedua, maroko vs argentina. biar semangat, kalau kita ngadain tebak skor gimana ya kira kira ",agree
"Walid Regragui. Maghribi. Apa keistimewaan 2 nama ni?

Tactical genius? Semangat mat kental 200%? Share pandangan korang and then kita discuss jap lagi okay geng? ",disagree
Apa Itu Pensiun? Cristiano Ronaldo Masih Mau Bela Portugal di EURO 2024,agree
Apakah sudah waktunya bagi Lionel Messi mengangkat trofi Piala Dunia?,agree
"Done :
France 1 - 0 Marocco ",disagree
"FRA 5:0 MOR
",disagree
Komite Tertinggi Piala Dunia Qatar mengonfirmasi bahwa seorang pekerja meninggal dunia setelah terjatuh di Stadion Lusail Ikonik.,agree
Komentar soal Piala Dunia 2022 untuk ARGENTINA ğŸ‡¦ğŸ‡· yang berhasil LOLOS!,agree
FRA : 2 - MOR : 0 ,agree
Wakil Afrika Terbaik dalam 5 Edisi Terakhir Piala Dunia. Ada yang lebih baik dari Maroko?,agree
Lionel Messi menegaskan bahwa final #PialaDunia2022 akan menjadi pertandingan Piala Dunia terakhir yang dia mainkan ,agree
"Richarlison memiliki tato besar di punggungnya yang menampilkan dirinya dan sepasang legenda Brasil setelah tersingkir dari Piala Dunia 2022.
",agree
"Setelah Kalah dari Indonesia, Sepak Bola Maroko Kian Berbenah, hingga Akhirnya Tampil di Piala Dunia Qatar 2022",agree
Komentar soal Piala Dunia 2022 untuk ARGENTINA ğŸ‡¦ğŸ‡· yang berhasil LOLOS!,agree
Luis Suarez sampai menuliskan kata-kata berisi pujian untuk mantan rekan setimnya di Barcelona itu.,agree
"Tidak hanya edisi tahun ini, Piala Dunia sebelumnya juga pernah sajikan kejutan besar.",agree
"Kalian Dukung Mana
Prancis vs Maroko? Berapa Skornya?",agree
Sejarah Islam dan Populasi Muslim di Maroko,agree
"Kamis, 15 Des 2022 

Semi-Final 
02.00WIB : Perancis vs Maroko ",agree
Buat persiapan begadang bareng anak2 nonton bola ,agree
"ASIK TV Live Streaming Piala Dunia 2022 Prancis vs Maroko, Gratis Nonton Semifinal FIFA World Cup Hari In",agree
"Jadwal lanjutan semifinal Piala Dunia 2022, Perancis vs Maroko dini hari nanti.",agree
Ronaldo masih ngarep main di Eropa. Al-Nassr sabar dulu ya.,agree
"LIVE Prediksi Bola si Arwana Pink antara PRANCIS VS MAROKO di Piala Dunia 2022 Qatar, 15 Desember 2022 jam 02:00 WIB ",agree
"

Fakmen juga telah mempunyai prediksi untuk laga Prancis kontra Maroko malam nanti yang bisa kalian tengok di kanal Youtube Sport77 Official dalam segmen Obrolan Bola. 

",agree
"Jadwal Pertandingan &amp; Prediksi Skor Semi Final Piala Dunia Perancis vs Morocco malam ini, Kamis 15 Desember 2022. ",agree
" All in maroko terhadap kekuatannya malam ini sepertinya akan membuat timnas perancis bersedih malam ini,  bagaimana guys tanggapan anda agree engga?

",agree
" LIVE SEMIFINAL Piala Dunia 2022

PERANCIS VS MAROKO
15 Desember 2022
02:00 WIB

LIVE BERSAMA JAYA365
",agree
"Lupakan Ronaldo, Modric juga rasakan duka di Piala Dunia 2022.

",agree
"Pertempuran dua sahabat 

Siapa yang akan menantang Argentina di babak final?

",agree
"Maroko sensasional di Piala Dunia 2022 

",agree
"Maroko tak terkalahkan di Piala Dunia 2022 

",disagree
"Mampukah Prancis menghentikan dongeng Maroko?

",disagree
"Dominik Livakovic, Tembok Solid Kroasia Itu Telah Diruntuhkan Argentina ",agree
"SEMI FINAL 

Al Bayt Stadium akan menjadi saksi siapa di antara France dan juga Morocco yang akan menemani Argentina di partai final. Apakah keajaiban Morocco akan berlanjut dan lolos ke babak final?

",agree
"Maroko Bagikan 13 Ribu Tiket Gratis untuk pendukungnya.

",agree
"Richarlison memiliki tato besar di punggungnya yang menampilkan dirinya dan sepasang legenda Brasil setelah tersingkir dari Piala Dunia 2022.

",agree
"Pelatih timnas Prancis, Didier Deschamps, meragukan kebugaran gelandang Adrien Rabiot dan bek Dayot Upamecano jelang semi-final Piala Dunia 2022.

",disagree
"Maroko akan terus buat kejutan. Awas Prancis!

",agree
"Kemenangan lawan Kroasia tentu saja menciptakan beragam reaksi. Yang tak terduga adalah nama Arab Saudi ikut dibawa-bawa oleh netizen.

Apa saja komentar mereka?",agree
" Nanti malam jangan lupa juga Sob ada pertandingan antara Korea Selatan VS Uruguay! Kakmin yakin disini pasti bakal banyak banget yang dukung Oppa Song Heung-Min, iya gak?",disagree
"Berkat gol dari Cody Gakpo dan Frenkie De Jong, Timnas Belanda sukses memastikan diri lolos ke 16 besar Piala Dunia 2022. Jagoan kamu lolos juga gak Sob? Tulis di kolom komentar ya! 
",agree
" FT: Argentina vs Arab Saudi 1-2
 Lionel Messi 10' (P)
-
 Saleh Al-Shehri 48'
 Salem Al-Dawsari 53'

Gimana ceritanya bisa ngalahin calon juara ",agree
"Otak Bilang Perancis, Hati Bilang Maroko ini Wak, Cmana lah itu? ",agree
"Rivaldo telah mendukung Messi untuk memenangkan Piala Dunia 2022 dan percaya bahwa Tuhan akan memahkotai bintang Argentina pada hari Minggu.

",agree
"Julian Alvarez, Dulu Selfie dengan Lionel Messi dan Kini Berlaga di Final Piala Dunia 2022

",agree
"Emiliano Martinez mengklaim bahwa ""semua orang"" ingin Argentina kalah dalam perjalanan mereka menuju final Piala Dunia 2022.

",disagree
"Matchday France x Marocco 15 Des 2022 | 02:00 Wib

",agree
"Kirain maroko berat lawan portugal eh ternyata malah berat lawan ego.
",agree
Lionel Messi dan Para Pemain yang Paling Sering Berlaga di Piala Dunia,agree
4 Link Live Streaming Prancis vs Maroko Semifinal Piala Dunia 2022 FIFA Siaran Langsung SCTV 15 Desember. All In Maroko ,agree
surat tanah udah di gadein buat all in maroko belum?,disagree
"Prediksi Piala Dunia: Prancis vs Maroko 15 Desember 2022

Prediksi skor akhir: Prancis 2-0 Maroko.
",agree
"Kerugian bagi skuad Maroko ğŸ‡²ğŸ‡¦

Beberapa pilar penting mereka terpaksa absen laga semifinal dini hari nanti.

Bagaimana kansnya?
",disagree
"Morgan berani menjamin Prancis akan kembali tampil sebagai juara dunia untuk mengulangi torehan 2018 di Rusia.

",disagree
"Aji Santoso ragu sepak bola Indonesia berkembang dengan kualitas wasit seperti sekarang.

",agree
Maroko Vs Prancis berpotensi ditentukan oleh tiga duel individu di sejumlah sektor. Berikut analisis dan prediksi mengenai duel individu yang bisa jadi penentu hasil Prancis versus Maroko. ,agree
Messi ternyata bisa salting juga ya.,agree
"Dua pemain Prancis, Raphael Varane dan Jules Kounde mewaspadai kekompakan dan solidnya para pemain Maroko jelang laga semi-final ",agree
" Piala Dunia 2022 

Perlawanan Separuh Akhir

PERANCIS ğŸ‡«ğŸ‡· lwn MAGHRIBI ğŸ‡²ğŸ‡¦ 

2.30 pagi
",agree
"siap2 menyaksikan formasi baru 9-0-1
",agree
"

Maroko Memiliki Keyakinan Untuk Hasil Yang Terbaik

",agree
"Jadwal semi final piala dunia Qatar malam ini, Kamis 15 Desember 2022.
Link streaming gratis akan di share 15 menit sebelum pertandingan mulai.

",agree
"Seru niiiihâ€¦ Siapa ya yang akan nantangin Messi dkk di partai puncak PialaDunia2022 ? Yuk nonton semifinal Prancis Vs Maroko lewat link live streaming ini ya. Siap-siap begadang gaeees!!
",agree
Perancis atau Maghribi?,disagree
"Amiin 
Bismillah doain Semoga Maroko masuk Final dan Maroko yg Juara nya Amiin kan warganet 
Pelatih Maroko  niat nya sangat mulia 
",agree
"Modric, dicap rekrutan gagal di Spanyol namun jadi pahlawan Kroasia di Piala Dunia.

",disagree
"Lionel Messi, Selangkah Lagi ",agree
"Duel sisi sayap dalam laga Prancis kontra Maroko jadi spot yang layak mendapat sorotan lebih.

Pertanyaannya, siapa yang bakal ter-redam malam nanti? ",agree
" Berlari, merangsek, lewati banyak pemain adalah klasik seorang Messi. Dan Gvardiol coba peruntungan 1v1 dengan sang GOAT dan hasilnya ambyar!

",agree
"Gara-Gara AC, Dua Penggawa Utama Prancis Demam, Diragukan Tampil di Semifinal Piala Dunia 2022 ",disagree
"Pelatih Maroko bertekad bawa timnya juara Piala Dunia 2022.

",agree
"Suarez melontarkan pujian untuk penampilan Messi yang menggendong Argentina mengalahkan Kroasia pada semi-final Piala Dunia 2022.

",agree
"Nanti Piala Dunia ya Bukan Piala Agama  Jangan kayak Bocah dikit2 bawak Agama 

",agree
"Empat sekawan dibalik sukses Argentina ke final PialaDunia2022 ğŸ‡¦ğŸ‡·

Bisakah mereka membuat sejarah di Qatar? ",agree
Apa Itu Pensiun? Cristiano Ronaldo Masih Mau Bela Portugal di EURO 2024,agree
Buat persiapan begadang bareng anak2 nonton bola PialaDunia2022 semifinal Maroko ğŸ‡²ğŸ‡¦ vs Perancis ğŸ‡«ğŸ‡· ,agree
Bismillah Maroko,agree
" Prancis dan Maroko akan bertemu dalam babak semifinal Piala Dunia 2022, Kamis (15/12) pukul 02.00 WIB. 

Tim mana yang akan menang ? berapa prediksi skor menurut kamu? 
",agree
"Juara pada tahun 1978 dan 1986, adakah Piala Dunia 2022 juga bakal menjadi milik Argentina?
",agree
"saatnya... pas banget nih deket jadi bisaaa Berburu Laeeb 

",disagree
"Usai PERANCIS vs MAROKO

Kata mbah tugimo Mbape Keseleo 

",agree
"Live Streaming World Cup / Piala Dunia hari ini. 
Link : ada digambar (biar nggk keciduk kominfo).

(02.00) Prancis vs Maroko

",agree
"Momen terbaik pertandingan Argentina vs Kroasia tadi bukanlah sebuah gol, tapi proses assist dari , kok bola bisa nempel gitu ya dikakinya?

",disagree
" Percaturan Brazil ketika penentuan penalti menjadi punca kekalahan mereka ketika bertemu Croatia di suku akhir Piala Dunia 2022, kata Juergen Klinsmann

",agree
"Persembahan Gvardiol sepanjang Piala Dunia mendapat pujian, tetapi ramai peminat akan mengingatinya ketika dibuli oleh salah seorang pemain hebat sepanjang zaman
",agree
"Makna Dima Maghreb, Slogan Maroko di Piala Dunia 2022 ",agree
"Apa yang keluar dari Messi jadi cuan di Argentina.
",disagree
"Emiliano Martinez mengklaim bahwa ""semua orang"" ingin Argentina kalah dalam perjalanan mereka menuju final Piala Dunia 2022.

",disagree
Pemain marokok,agree
"LIVE SEMIFINAL Piala Dunia 2022

PERANCIS VS MAROKO
15 Desember 2022
02:00 WIB

LIVE BERSAMA JAYA365
",agree
"Griezmann Dianggap Campuran Zidane dan Platini, Sepakat Gak Nih? ",agree
"Tuh kan, langsung keok Marokok tanpa bisa bales jebolin gawang Prancis. ",disagree
Mau tahu seberapa meriah selebrasi para pemain Timnas Argentina di ruang ganti pemain?,agree
"Lionel Messi menegaskan bahwa final PialaDunia2022 akan menjadi pertandingan Piala Dunia terakhir yang dia mainkan 

",agree
Argentina Menuju Final !,agree
"Buat kamu yang sedang liburan di Malang, pertandingan Piala Dunia 2022 jangan sampai terlewat. Yuk, simak 25 tempat nonton bareng (nobar) yang ada di Malang.
",agree
Warga Kroasi Tetap Bangga dengan Pencapaian Luka Modric dkk ,agree
Berikut lima bukti kehebatan Lionel Messi yang membuatnya layak mendapatkan predikat GOAT ,agree
"Perebutan tiket terakhir menuju partai puncak.

Prancis vs Maroko, bakal ada kejutan apa malam nanti?

",agree
"Setelah Messi sukses membawa Argentina ke final PialaDunia2022 
Kini giliran Perancis ğŸ‡²ğŸ‡« vs ğŸ‡²ğŸ‡¦ Maroko

Perancis diunggulkan, tp kalau sampai adu penalti Maroko berpeluang lolos

Gmana prediksimu?",agree
"Atmosfer juara benar-benar terasa di Kota Buenos Aires. Gara-gara Messi?

",disagree
Bek tengah Prancis Dayot Upamecano dan gelandang Adrien Rabiot diragukan tampil ,agree
" Argentina berhasil menang di semifinal Piala Dunia dengan skor 3-0 menumbangkan Kroasia. Tiga gol dicetak Lionel Messi (34'), Julian Alvarez (39', 69'). Walaupun babak pertama Kroasia sempet dominan tapi Argentina berhasil menguasai bola.",agree
"Hati ini sebenarnya sangat mengagumi kiprah dan perjalanan Maroko di worldcup2022 ini. Tapi secara rasional rasa-rasanya Prancis tetap yang akan unggul di laga menarik semifinal pialadunia2022 ini.

Ini bukan ramalan ya, hanya prediksi dari penonton",agree
Apa Saja Alasan Maroko Bisa Menang Atas Prancis?,agree
"Malem ini jagoin mana kalian cees?

Prancis atau Maroko?

",agree
"Biar gak kehilangan momen, yuk catat nih jadwal tayangan ulang Piala Dunia Qatar 2022!

Kamis, 15 Desember 2022
Saksikan di MOJI.

",agree
"Argentina berhasil membuktikan serangannya dapat menembus pertahanan Kroasia!
",agree
"So, kalian lebih menjagokan siapa Flixers ?
Yang akan menghadapi Argentina di Piala Dunia 2022 kali ini ? ",agree
"Kata , kalau Prancis menang, babah harus kasih hadiah tambahan uang jajan buat Yuva. 

Final ideal Argentina vs Prancis",agree
"Fakmen Prediction by  untuk laga semifinal antara Prancis kontra Maroko.

Les Bleus akan senasib dengan Portugal dan Spanyol malam ini?
",agree
"Berlari, merangsek, lewati banyak pemain adalah klasik seorang Messi. Dan Gvardiol coba peruntungan 1v1 dengan sang GOAT dan hasilnya ambyar!

",agree
Penalti Messi di Piala Dunia 2022 tak semuanya berbuah gol lho!,agree
Pertarungan terakhir menuju final!!,agree
Pertahanan atau Serangan? strategi siapakah yang akan berhasil membawa timnya naik menuju final?,agree
 Messi Berpeluang Jadi Best Player Piala Dunia 2022 ,agree
"Termasuk Messi, Sederet Pemain Top yang gagal penalti di Piala Dunia 2022!
.
",agree
"

Lionel Messi Terlihat Cedera Tetapi Messi Menyatakan Keadaanya Sangat Baik

",agree
Tim ayam jago dengan para pemain bintangnya siap melawan singa atlas! siapakah yang akan maju?,agree
"Kapten Argentina, Lionel Messi, memastikan final Piala Dunia 2022 akan menjadi penutup kariernya bersama tim nasional. Messi memastikan kalau Piala Dunia 2022 menjadi edisi terakhir yang diikutinya. ",agree
 Deretan pemain Maroko yang main di Ligue1: Les Blues wajib waspada!,disagree